INSERT INTO Ingrédient (id, nom) VALUES (1, 'Anchois');
INSERT INTO Ingrédient (id, nom) VALUES (2, 'Artichaut');
INSERT INTO Ingrédient (id, nom) VALUES (3, 'Aubergine');
INSERT INTO Ingrédient (id, nom) VALUES (4, 'Calamar');
INSERT INTO Ingrédient (id, nom) VALUES (5, 'Champignons');
INSERT INTO Ingrédient (id, nom) VALUES (6, 'Chorizo');
INSERT INTO Ingrédient (id, nom) VALUES (7, 'Courgette');
INSERT INTO Ingrédient (id, nom) VALUES (8, 'Crème fraîche');
INSERT INTO Ingrédient (id, nom) VALUES (9, 'Câpres');
INSERT INTO Ingrédient (id, nom) VALUES (10, 'Fontina');
INSERT INTO Ingrédient (id, nom) VALUES (11, 'Fromage');
INSERT INTO Ingrédient (id, nom) VALUES (12, 'Fromage de chèvre');
INSERT INTO Ingrédient (id, nom) VALUES (13, 'Gorgonzola');
INSERT INTO Ingrédient (id, nom) VALUES (14, 'Jambon');
INSERT INTO Ingrédient (id, nom) VALUES (15, 'Jambon d’italie');
INSERT INTO Ingrédient (id, nom) VALUES (16, 'Lardons');
INSERT INTO Ingrédient (id, nom) VALUES (17, 'Merguez');
INSERT INTO Ingrédient (id, nom) VALUES (18, 'Mozzarella');
INSERT INTO Ingrédient (id, nom) VALUES (19, 'Oeuf');
INSERT INTO Ingrédient (id, nom) VALUES (20, 'Oeufs');
INSERT INTO Ingrédient (id, nom) VALUES (21, 'Oignon');
INSERT INTO Ingrédient (id, nom) VALUES (22, 'Olives');
INSERT INTO Ingrédient (id, nom) VALUES (23, 'Parmesan');
INSERT INTO Ingrédient (id, nom) VALUES (24, 'Persillade');
INSERT INTO Ingrédient (id, nom) VALUES (25, 'Poivron');
INSERT INTO Ingrédient (id, nom) VALUES (26, 'Pomme de terre');
INSERT INTO Ingrédient (id, nom) VALUES (27, 'Poulet');
INSERT INTO Ingrédient (id, nom) VALUES (28, 'Reblochon');
INSERT INTO Ingrédient (id, nom) VALUES (29, 'Saumon fumé');
INSERT INTO Ingrédient (id, nom) VALUES (30, 'Thon');
INSERT INTO Ingrédient (id, nom) VALUES (31, 'Tomate');
INSERT INTO Ingrédient (id, nom) VALUES (32, 'Viande hachée');
INSERT INTO Pizza (id, nom, prix_base) VALUES (1, 'Giovanni', 13.50);
INSERT INTO Pizza (id, nom, prix_base) VALUES (2, 'Palermo', 13.00);
INSERT INTO Pizza (id, nom, prix_base) VALUES (3, 'Regina', 12.00);
INSERT INTO Pizza (id, nom, prix_base) VALUES (4, 'Fermière', 13.00);
INSERT INTO Pizza (id, nom, prix_base) VALUES (5, 'Verone soufflée', 13.50);
INSERT INTO Pizza (id, nom, prix_base) VALUES (6, 'Orientale', 13.00);
INSERT INTO Pizza (id, nom, prix_base) VALUES (7, 'Italia', 13.00);
INSERT INTO Pizza (id, nom, prix_base) VALUES (8, 'Quatre saisons', 13.50);
INSERT INTO Pizza (id, nom, prix_base) VALUES (9, 'Salmone', 14.00);
INSERT INTO Pizza (id, nom, prix_base) VALUES (10, 'Pescatore', 14.00);
INSERT INTO Pizza (id, nom, prix_base) VALUES (11, 'Espagnola', 13.50);
INSERT INTO Pizza (id, nom, prix_base) VALUES (12, 'Bologna', 13.00);
INSERT INTO Pizza (id, nom, prix_base) VALUES (13, 'Romana', 14.00);
INSERT INTO Pizza (id, nom, prix_base) VALUES (14, 'Parma', 14.00);
INSERT INTO Pizza (id, nom, prix_base) VALUES (15, 'Végétarienne', 13.00);
INSERT INTO Pizza (id, nom, prix_base) VALUES (16, 'Tartiflette', 14.00);
INSERT INTO Pizza (id, nom, prix_base) VALUES (17, 'Fangio', 13.50);
INSERT INTO Pizza (id, nom, prix_base) VALUES (18, 'Gino', 13.00);
INSERT INTO Pizza (id, nom, prix_base) VALUES (19, 'Napolitaine', 12.00);
INSERT INTO Pizza (id, nom, prix_base) VALUES (20, 'Al tonno', 13.00);
INSERT INTO Pizza (id, nom, prix_base) VALUES (21, 'Chèvre', 13.00);
INSERT INTO Pizza (id, nom, prix_base) VALUES (22, 'Margherita', 10.00);
INSERT INTO Pizza (id, nom, prix_base) VALUES (23, 'Quatre fromages', 13.50);
INSERT INTO Pizza (id, nom, prix_base) VALUES (24, 'Calzone soufflée', 13.00);
INSERT INTO Composition (id_pizza, id_ingredient) VALUES (1, 31);
INSERT INTO Composition (id_pizza, id_ingredient) VALUES (1, 11);
INSERT INTO Composition (id_pizza, id_ingredient) VALUES (1, 14);
INSERT INTO Composition (id_pizza, id_ingredient) VALUES (1, 32);
INSERT INTO Composition (id_pizza, id_ingredient) VALUES (1, 19);
INSERT INTO Composition (id_pizza, id_ingredient) VALUES (1, 8);
INSERT INTO Composition (id_pizza, id_ingredient) VALUES (2, 31);
INSERT INTO Composition (id_pizza, id_ingredient) VALUES (2, 11);
INSERT INTO Composition (id_pizza, id_ingredient) VALUES (2, 6);
INSERT INTO Composition (id_pizza, id_ingredient) VALUES (2, 25);
INSERT INTO Composition (id_pizza, id_ingredient) VALUES (2, 21);
INSERT INTO Composition (id_pizza, id_ingredient) VALUES (2, 19);
INSERT INTO Composition (id_pizza, id_ingredient) VALUES (3, 31);
INSERT INTO Composition (id_pizza, id_ingredient) VALUES (3, 11);
INSERT INTO Composition (id_pizza, id_ingredient) VALUES (3, 14);
INSERT INTO Composition (id_pizza, id_ingredient) VALUES (3, 5);
INSERT INTO Composition (id_pizza, id_ingredient) VALUES (4, 31);
INSERT INTO Composition (id_pizza, id_ingredient) VALUES (4, 11);
INSERT INTO Composition (id_pizza, id_ingredient) VALUES (4, 27);
INSERT INTO Composition (id_pizza, id_ingredient) VALUES (4, 21);
INSERT INTO Composition (id_pizza, id_ingredient) VALUES (4, 25);
INSERT INTO Composition (id_pizza, id_ingredient) VALUES (5, 31);
INSERT INTO Composition (id_pizza, id_ingredient) VALUES (5, 11);
INSERT INTO Composition (id_pizza, id_ingredient) VALUES (5, 14);
INSERT INTO Composition (id_pizza, id_ingredient) VALUES (5, 19);
INSERT INTO Composition (id_pizza, id_ingredient) VALUES (5, 8);
INSERT INTO Composition (id_pizza, id_ingredient) VALUES (5, 5);
INSERT INTO Composition (id_pizza, id_ingredient) VALUES (6, 31);
INSERT INTO Composition (id_pizza, id_ingredient) VALUES (6, 11);
INSERT INTO Composition (id_pizza, id_ingredient) VALUES (6, 17);
INSERT INTO Composition (id_pizza, id_ingredient) VALUES (6, 25);
INSERT INTO Composition (id_pizza, id_ingredient) VALUES (6, 19);
INSERT INTO Composition (id_pizza, id_ingredient) VALUES (7, 31);
INSERT INTO Composition (id_pizza, id_ingredient) VALUES (7, 11);
INSERT INTO Composition (id_pizza, id_ingredient) VALUES (7, 15);
INSERT INTO Composition (id_pizza, id_ingredient) VALUES (7, 5);
INSERT INTO Composition (id_pizza, id_ingredient) VALUES (8, 31);
INSERT INTO Composition (id_pizza, id_ingredient) VALUES (8, 11);
INSERT INTO Composition (id_pizza, id_ingredient) VALUES (8, 14);
INSERT INTO Composition (id_pizza, id_ingredient) VALUES (8, 5);
INSERT INTO Composition (id_pizza, id_ingredient) VALUES (8, 2);
INSERT INTO Composition (id_pizza, id_ingredient) VALUES (8, 25);
INSERT INTO Composition (id_pizza, id_ingredient) VALUES (9, 31);
INSERT INTO Composition (id_pizza, id_ingredient) VALUES (9, 11);
INSERT INTO Composition (id_pizza, id_ingredient) VALUES (9, 29);
INSERT INTO Composition (id_pizza, id_ingredient) VALUES (9, 8);
INSERT INTO Composition (id_pizza, id_ingredient) VALUES (10, 31);
INSERT INTO Composition (id_pizza, id_ingredient) VALUES (10, 4);
INSERT INTO Composition (id_pizza, id_ingredient) VALUES (10, 24);
INSERT INTO Composition (id_pizza, id_ingredient) VALUES (11, 31);
INSERT INTO Composition (id_pizza, id_ingredient) VALUES (11, 12);
INSERT INTO Composition (id_pizza, id_ingredient) VALUES (11, 6);
INSERT INTO Composition (id_pizza, id_ingredient) VALUES (11, 19);
INSERT INTO Composition (id_pizza, id_ingredient) VALUES (12, 31);
INSERT INTO Composition (id_pizza, id_ingredient) VALUES (12, 32);
INSERT INTO Composition (id_pizza, id_ingredient) VALUES (12, 19);
INSERT INTO Composition (id_pizza, id_ingredient) VALUES (13, 31);
INSERT INTO Composition (id_pizza, id_ingredient) VALUES (13, 11);
INSERT INTO Composition (id_pizza, id_ingredient) VALUES (13, 3);
INSERT INTO Composition (id_pizza, id_ingredient) VALUES (13, 21);
INSERT INTO Composition (id_pizza, id_ingredient) VALUES (13, 32);
INSERT INTO Composition (id_pizza, id_ingredient) VALUES (14, 31);
INSERT INTO Composition (id_pizza, id_ingredient) VALUES (14, 11);
INSERT INTO Composition (id_pizza, id_ingredient) VALUES (14, 15);
INSERT INTO Composition (id_pizza, id_ingredient) VALUES (14, 13);
INSERT INTO Composition (id_pizza, id_ingredient) VALUES (14, 19);
INSERT INTO Composition (id_pizza, id_ingredient) VALUES (14, 8);
INSERT INTO Composition (id_pizza, id_ingredient) VALUES (15, 31);
INSERT INTO Composition (id_pizza, id_ingredient) VALUES (15, 11);
INSERT INTO Composition (id_pizza, id_ingredient) VALUES (15, 25);
INSERT INTO Composition (id_pizza, id_ingredient) VALUES (15, 7);
INSERT INTO Composition (id_pizza, id_ingredient) VALUES (15, 2);
INSERT INTO Composition (id_pizza, id_ingredient) VALUES (15, 3);
INSERT INTO Composition (id_pizza, id_ingredient) VALUES (15, 5);
INSERT INTO Composition (id_pizza, id_ingredient) VALUES (15, 21);
INSERT INTO Composition (id_pizza, id_ingredient) VALUES (16, 31);
INSERT INTO Composition (id_pizza, id_ingredient) VALUES (16, 11);
INSERT INTO Composition (id_pizza, id_ingredient) VALUES (16, 28);
INSERT INTO Composition (id_pizza, id_ingredient) VALUES (16, 21);
INSERT INTO Composition (id_pizza, id_ingredient) VALUES (16, 16);
INSERT INTO Composition (id_pizza, id_ingredient) VALUES (16, 26);
INSERT INTO Composition (id_pizza, id_ingredient) VALUES (16, 8);
INSERT INTO Composition (id_pizza, id_ingredient) VALUES (17, 31);
INSERT INTO Composition (id_pizza, id_ingredient) VALUES (17, 11);
INSERT INTO Composition (id_pizza, id_ingredient) VALUES (17, 21);
INSERT INTO Composition (id_pizza, id_ingredient) VALUES (17, 5);
INSERT INTO Composition (id_pizza, id_ingredient) VALUES (17, 16);
INSERT INTO Composition (id_pizza, id_ingredient) VALUES (17, 20);
INSERT INTO Composition (id_pizza, id_ingredient) VALUES (18, 31);
INSERT INTO Composition (id_pizza, id_ingredient) VALUES (18, 11);
INSERT INTO Composition (id_pizza, id_ingredient) VALUES (18, 14);
INSERT INTO Composition (id_pizza, id_ingredient) VALUES (18, 19);
INSERT INTO Composition (id_pizza, id_ingredient) VALUES (18, 8);
INSERT INTO Composition (id_pizza, id_ingredient) VALUES (19, 31);
INSERT INTO Composition (id_pizza, id_ingredient) VALUES (19, 11);
INSERT INTO Composition (id_pizza, id_ingredient) VALUES (19, 1);
INSERT INTO Composition (id_pizza, id_ingredient) VALUES (19, 9);
INSERT INTO Composition (id_pizza, id_ingredient) VALUES (19, 22);
INSERT INTO Composition (id_pizza, id_ingredient) VALUES (20, 31);
INSERT INTO Composition (id_pizza, id_ingredient) VALUES (20, 11);
INSERT INTO Composition (id_pizza, id_ingredient) VALUES (20, 30);
INSERT INTO Composition (id_pizza, id_ingredient) VALUES (20, 19);
INSERT INTO Composition (id_pizza, id_ingredient) VALUES (21, 31);
INSERT INTO Composition (id_pizza, id_ingredient) VALUES (21, 11);
INSERT INTO Composition (id_pizza, id_ingredient) VALUES (21, 12);
INSERT INTO Composition (id_pizza, id_ingredient) VALUES (22, 31);
INSERT INTO Composition (id_pizza, id_ingredient) VALUES (22, 11);
INSERT INTO Composition (id_pizza, id_ingredient) VALUES (23, 31);
INSERT INTO Composition (id_pizza, id_ingredient) VALUES (23, 18);
INSERT INTO Composition (id_pizza, id_ingredient) VALUES (23, 13);
INSERT INTO Composition (id_pizza, id_ingredient) VALUES (23, 23);
INSERT INTO Composition (id_pizza, id_ingredient) VALUES (23, 10);
INSERT INTO Composition (id_pizza, id_ingredient) VALUES (24, 31);
INSERT INTO Composition (id_pizza, id_ingredient) VALUES (24, 11);
INSERT INTO Composition (id_pizza, id_ingredient) VALUES (24, 14);
INSERT INTO Composition (id_pizza, id_ingredient) VALUES (24, 19);
INSERT INTO Client (id, nom, prénom, solde, pizzas_achetées) VALUES (1, 'HAKIM', 'Justine', 74.20, 12);
INSERT INTO Vehicule (id, type, immatriculation, nombre_utilisations) VALUES 
(1, 'Moto', 'AB-001-CD', 0),
(2, 'Voiture', 'AB-002-CD', 0),
(3, 'Moto', 'AB-003-CD', 0),
(4, 'Voiture', 'AB-004-CD', 0),
(5, 'Voiture', 'AB-005-CD', 0);
INSERT INTO Livreur (id, nom, type_conducteur, nombre_retards) VALUES 
(1, 'DUPONT', 'A', 2),
(2, 'MARTIN', 'B', 0),
(3, 'LEBLANC', 'A', 1);
